site_uid,nom_allele,symbole_allele
SI000134I,10,10
SI000134I,11,11
SI000134I,12,12
SI000134I,13,13
SI000134I,14,14
SI000134I,15,15
SI000134I,18,18
SI000134I,8,8
SI000134I,9,9
SI000137L,EcoRI Site Absent,1=C
SI000137L,EcoRI Site Present,2=A
SI000138M,Codon 311 Cys,C
SI000138M,Codon 311 Ser,S
SI000171J,C,C
SI000171J,T,T
SI000172K,A,A
SI000172K,G,G
SI000176O,A,A
SI000176O,G,G
SI000177P,C,C
SI000177P,T,T
SI000178Q,A,A
SI000178Q,C,C
SI000182L,+++,+++
SI000182L,++-,++-
SI000182L,+-+,+-+
SI000182L,+--,+--
SI000182L,-++,-++
SI000182L,-+-,-+-
SI000182L,--+,--+
SI000182L,---,---
SI000202E,106,106
SI000202E,116,116
SI000202E,118,118
SI000202E,120,120
SI000202E,122,122
SI000202E,124,124
SI000202E,126,126
SI000202E,128,128
SI000202E,130,130
SI000202E,132,132
SI000203F,182,182
SI000203F,192,192
SI000203F,194,194
SI000203F,196,196
SI000203F,198,198
SI000203F,200,200
SI000203F,202,202
SI000203F,204,204
SI000203F,206,206
SI000203F,208,208
SI000203F,210,210
SI000203F,212,212
SI000203F,214,214
SI000203F,216,216
SI000204G,296,296
SI000204G,298,298
SI000204G,300,300
SI000204G,304,304
SI000205H,100,100
SI000205H,110,110
SI000205H,112,112
SI000205H,114,114
SI000205H,116,116
SI000205H,118,118
SI000205H,120,120
SI000205H,122,122
SI000205H,124,124
SI000205H,128,128
SI000205H,130,130
SI000205H,132,132
SI000205H,96,96
SI000206I,91,91
SI000206I,93,93
SI000206I,95,95
SI000206I,97,97
SI000206I,99,99
SI000210D,239,239
SI000210D,241,241
SI000210D,243,243
SI000210D,245,245
SI000210D,247,247
SI000212F,119,119
SI000212F,121,121
SI000212F,123,123
SI000212F,125,125
SI000212F,127,127
SI000212F,129,129
SI000212F,131,131
SI000212F,133,133
SI000212F,135,135
SI000212F,137,137
SI000212F,139,139
SI000212F,143,143
SI000213G,350,350
SI000213G,352,352
SI000213G,354,354
SI000213G,356,356
SI000213G,358,358
SI000213G,360,360
SI000213G,362,362
SI000213G,364,364
SI000213G,368,368
SI000238N,XbaI Site Absent,1=G
SI000238N,XbaI Site Present,2 =T
SI000239O,StuI Site Absent,1=T
SI000239O,StuI Site Present,2=G
SI000245L,11,11
SI000245L,12,12
SI000245L,21,21
SI000245L,22,22
SI000246M,3++,3++
SI000246M,3+-,3+-
SI000246M,3-+,3-+
SI000246M,3--,3--
SI000246M,4++,4++
SI000246M,4+-,4+-
SI000246M,4-+,4-+
SI000246M,4--,4--
SI000249P,21 bp Deletion,0
SI000249P,21 bp Insertion,0
SI000252J,L11,L11
SI000252J,L12,L12
SI000252J,L21,L21
SI000252J,L22,L22
SI000252J,L31,L31
SI000252J,L32,L32
SI000252J,S11,S11
SI000252J,S12,S12
SI000252J,S21,S21
SI000252J,S22,S22
SI000252J,S31,S31
SI000252J,S32,S32
SI000258P,Mbo I site absent,G
SI000258P,Mbo I site present,A
SI000289T,1,1
SI000289T,2,2
SI000289T,3,3
SI000294P,1,1
SI000294P,2,2
SI000294P,3,3
SI000364N,1,1
SI000364N,2,2
SI000365O,1,1
SI000365O,2,2
SI000366P,1,1
SI000366P,2,2
SI000368R,1,1
SI000368R,2,2
SI000369S,C,C
SI000369S,T,T
SI000370K,1,1
SI000370K,2,2
SI000371L,1,1
SI000371L,2,2
SI000372M,C,C
SI000372M,T,T
SI000374O,1,1
SI000374O,2,2
SI000375P,1,1
SI000375P,2,2
SI000376Q,1,1
SI000376Q,2,2
SI000380L,1,1
SI000380L,2,2
SI000381M,1,1
SI000381M,2,2
SI000382N,1,1
SI000382N,2,2
SI000385Q,1,1
SI000385Q,2,2
SI000387S,A,A
SI000387S,C,C
SI000389U,A,A
SI000389U,G,G
SI000394Q,A,A
SI000394Q,G,G
SI000395R,C,C
SI000395R,T,T
SI000396S,1,1
SI000396S,2,2
SI000397T,1,1
SI000397T,2,2
SI000400E,1,1
SI000400E,2,2
SI000401F,1,1
SI000401F,2,2
SI000402G,1,1
SI000402G,2,2
SI000405J,A,A
SI000405J,G,G
SI000407L,A,A
SI000407L,G,G
SI000408M,C,C
SI000408M,T,T
SI000480M,"*Ile, *m1","*Ile, *m1"
SI000480M,"*Ile, *m2","*Ile, *m2"
SI000480M,"*Val, *m1","*Val, *m1"
SI000480M,"*Val, *m2","*Val, *m2"
SI000483P,Restriction Site Absent,RsaI-
SI000483P,Restriction Site Present,RsaI+
SI000485R,Restriction Site Absent,HphI-
SI000485R,Restriction Site Present,HphI+
SI000486S,c,c
SI000486S,g,g
SI000488U,Restriction Site Absent,KpnI-
SI000488U,Restriction Site Present,KpnI+
SI000493Q,1,1
SI000493Q,2,2
SI000493Q,3,3
SI000494R,233,233
SI000494R,237,237
SI000494R,241,241
SI000494R,245,245
SI000494R,249,249
SI000494R,253,253
SI000494R,257,257
SI000494R,261,261
SI000494R,265,265
SI000494R,269,269
SI000494R,273,273
SI000499W,CAT 1,CAT 1
SI000499W,CAT 2,CAT 2
SI000499W,CAT 3,CAT 3
SI000500F,TF B,TF B
SI000500F,TF C,TF C
SI000500F,TF D,TF D
SI000559T,HBB*A,HBB*A
SI000559T,HBB*C,HBB*C
SI000559T,HBB*S,HBB*S
SI000562N,CP*A,CP*A
SI000562N,CP*B,CP*B
SI000562N,CP*D,CP*D
SI000568T,192,192
SI000568T,194,194
SI000568T,196,196
SI000568T,200,200
SI000568T,204,204
SI000568T,206,206
SI000598W,*1,*1
SI000598W,*2,*2
SI000602I,MseI Site Absent,1
SI000602I,MseI Site Present,2
SI000604K,A,A
SI000604K,AB,AB
SI000608O,MspI Site Absent,1
SI000608O,MspI Site Present,2
SI000615M,PGM1*1A,PGM1*1A
SI000615M,PGM1*1B,PGM1*1B
SI000615M,PGM1*2A,PGM1*2A
SI000615M,PGM1*2B,PGM1*2B
SI000615M,PGM1*Var,PGM1*Var
SI000620I,ORM1*F1,ORM1*F1
SI000620I,ORM1*F2,ORM1*F2
SI000620I,ORM1*S,ORM1*S
SI000627P,1,1
SI000627P,2,2
SI000627P,4,4
SI000638R,F,F
SI000638R,S,S
SI000642M,G6PD*A,G6PD*A
SI000642M,G6PD*A-,G6PD*A-
SI000642M,G6PD*B,G6PD*B
SI000650L,C6*A,C6*A
SI000650L,C6*B,C6*B
SI000650L,C6*var,C6*var
